GPS Time, Device Time, Longitude, Latitude,GPS Speed (Meters/second), Horizontal Dilution of Precision, Altitude, Bearing, G(x), G(y), G(z), G(calibrated),Speed (OBD)(km/h),Engine RPM(rpm),Throttle Position(Manifold)(%),Kilometers Per Litre(Instant)(kpl),Trip Distance(km),Engine Load(%)
Fri Mar 29 19:18:28 GMT+01:00 2019,29-Mar-2019 19:18:22.090,7.78338018,45.15915474,42.66,9.0,259.0,55.9,7.8529816,2.5187001,4.2904096,-0.033367217,152.0,5064.0,29.019607543945313,15.570751190185547,15.27035903930664,53.333335876464844
Fri Mar 29 19:18:29 GMT+01:00 2019,29-Mar-2019 19:18:23.090,7.78381055,45.15937013,42.13,9.0,259.0,55.7,8.255207,2.4420857,4.4915223,0.008816242,151.0,5027.5,29.411766052246094,11.6972074508667,15.311698913574219,59.2156867980957
Fri Mar 29 19:18:30 GMT+01:00 2019,29-Mar-2019 19:18:24.091,7.78425209,45.15958618,41.87,9.0,259.0,55.4,8.848969,2.8921957,4.5681367,0.07608467,150.0,4999.0,31.764705657958984,10.498743057250977,15.354388236999512,69.4117660522461
Fri Mar 29 19:18:31 GMT+01:00 2019,29-Mar-2019 19:18:25.092,7.78467896,45.15979312,41.67,9.0,258.0,55.2,8.111555,2.384625,4.2425256,-0.016725421,150.0,4989.5,34.90196228027344,9.06068229675293,15.397263526916504,81.17647552490234
Fri Mar 29 19:18:32 GMT+01:00 2019,29-Mar-2019 19:18:26.095,7.78512354,45.1600164,41.56,9.0,257.0,55.1,9.021352,2.7581203,4.654328,0.091299474,150.0,4994.0,36.86274719238281,8.045382499694824,15.441263198852539,90.19608306884766
Fri Mar 29 19:18:33 GMT+01:00 2019,29-Mar-2019 19:18:27.091,7.78555432,45.16022772,41.61,9.0,258.0,54.8,7.335834,2.135628,3.4763808,-0.12533432,150.0,5002.5,39.607845306396484,7.843654155731201,15.482012748718262,94.11764526367188
Fri Mar 29 19:18:34 GMT+01:00 2019,29-Mar-2019 19:18:28.091,7.78598755,45.16044438,41.62,9.0,258.0,54.8,9.423578,2.2122424,4.510676,0.10759729,150.0,5013.0,40.7843132019043,7.472849369049072,15.525346755981445,97.64706420898438
Fri Mar 29 19:18:35 GMT+01:00 2019,29-Mar-2019 19:18:29.090,7.78642423,45.16066399,41.73,9.0,257.0,54.9,8.523358,2.2505496,4.271256,0.017544866,151.0,5023.0,41.17647171020508,7.441591739654541,15.56704330444336,98.03921508789063
Fri Mar 29 19:18:36 GMT+01:00 2019,29-Mar-2019 19:18:30.091,7.78685771,45.16087892,41.84,9.0,257.0,55.0,8.283937,2.2697031,4.10845,-0.010432541,151.0,5037.0,41.17647171020508,7.454349994659424,15.611043930053711,97.64706420898438
Fri Mar 29 19:18:37 GMT+01:00 2019,29-Mar-2019 19:18:31.091,7.7872941,45.16110898,42.09,9.0,256.0,54.8,8.714894,2.5761611,4.4244847,0.049328625,151.0,5050.0,41.17647171020508,7.432182312011719,15.652946472167969,98.03921508789063
Fri Mar 29 19:18:38 GMT+01:00 2019,29-Mar-2019 19:18:32.091,7.78772789,45.16132931,42.06,9.0,255.0,54.8,8.580819,1.9249382,4.003105,0.0039473176,152.0,5062.0,41.960784912109375,7.388084888458252,15.697914123535156,98.82353210449219
Fri Mar 29 19:18:39 GMT+01:00 2019,29-Mar-2019 19:18:33.091,7.78816898,45.16154803,42.13,9.0,255.0,54.8,8.66701,2.0207062,4.175488,0.02107042,152.0,5064.5,41.960784912109375,7.448912620544434,15.739672660827637,99.60784149169922
Fri Mar 29 19:18:40 GMT+01:00 2019,29-Mar-2019 19:18:34.091,7.78861132,45.1617636,42.23,9.0,256.0,54.7,8.331821,2.1452048,4.3382936,0.0012071133,152.0,5079.5,41.568626403808594,7.430578231811523,15.783035278320313,99.21569061279297
Fri Mar 29 19:18:41 GMT+01:00 2019,29-Mar-2019 19:18:35.091,7.7890577,45.16198315,42.33,9.0,255.0,54.8,7.8625584,2.1643584,3.8019924,-0.063798726,153.0,5094.0,41.568626403808594,7.468433856964111,15.824529647827148,99.21569061279297
Fri Mar 29 19:18:42 GMT+01:00 2019,29-Mar-2019 19:18:36.091,7.78949945,45.16220461,42.46,9.0,256.0,54.9,9.14585,2.183512,4.6160207,0.08677,153.0,5103.5,41.568626403808594,7.460366249084473,15.867879867553711,99.21569061279297
Fri Mar 29 19:18:43 GMT+01:00 2019,29-Mar-2019 19:18:37.091,7.78993921,45.16242557,42.44,9.0,256.0,54.8,7.9487495,2.3463178,4.0414124,-0.041073978,153.0,5106.5,41.568626403808594,7.52964973449707,15.892189979553223,99.21569061279297
Fri Mar 29 19:18:44 GMT+01:00 2019,29-Mar-2019 19:18:38.091,7.79038092,45.16264598,42.56,9.0,256.0,54.9,7.872135,2.4516625,3.8977604,-0.05134034,153.0,5123.5,41.17647171020508,7.483222484588623,15.936220169067383,98.82353210449219
Fri Mar 29 19:18:45 GMT+01:00 2019,29-Mar-2019 19:18:39.091,7.79082275,45.1628659,42.6,9.0,256.0,54.9,8.236053,1.9632454,4.951209,0.01881957,152.0,5044.0,19.60784339904785,31.95476531982422,15.97830581665039,16.078432083129883
Fri Mar 29 19:18:46 GMT+01:00 2019,29-Mar-2019 19:18:40.090,7.79125677,45.16308585,41.82,9.0,256.0,54.8,7.3166804,1.8866309,5.9280434,-0.0020092726,147.0,4939.0,19.60784339904785,30.162010192871094,16.021862030029297,17.254901885986328
Fri Mar 29 19:18:47 GMT+01:00 2019,29-Mar-2019 19:18:41.090,7.79167768,45.16329223,40.81,9.0,256.0,55.2,7.872135,1.9249382,6.3302693,0.06725627,140.0,4696.5,19.215686798095703,31.719402313232422,16.062368392944336,16.078432083129883
Fri Mar 29 19:18:48 GMT+01:00 2019,29-Mar-2019 19:18:42.090,7.79207458,45.16348785,38.62,9.0,256.0,55.1,8.00621,1.733402,4.4723687,-0.029616892,135.0,4531.0,18.431373596191406,30.306386947631836,16.103059768676758,15.686274528503418
Fri Mar 29 19:18:49 GMT+01:00 2019,29-Mar-2019 19:18:43.091,7.7924738,45.16367728,37.6,9.0,256.0,55.5,9.030929,2.087744,5.085284,0.09672052,133.0,4441.5,18.431373596191406,31.898752212524414,16.14316177368164,14.901961326599121
Fri Mar 29 19:18:50 GMT+01:00 2019,29-Mar-2019 19:18:44.091,7.79286436,45.16386427,36.98,9.0,256.0,55.8,7.9870567,2.2409728,4.654328,-0.011379063,131.0,4369.5,18.431373596191406,31.767501831054688,16.180761337280273,14.509803771972656
Fri Mar 29 19:18:51 GMT+01:00 2019,29-Mar-2019 19:18:45.091,7.79324807,45.16404607,36.38,9.0,256.0,56.0,8.772355,2.3463178,5.056554,0.07849628,129.0,4293.0,18.039215087890625,31.830244064331055,16.217172622680664,18.823530197143555
Fri Mar 29 19:18:52 GMT+01:00 2019,29-Mar-2019 19:18:46.092,7.79361628,45.16422067,35.8,9.0,256.0,55.9,7.6135616,2.0590134,4.0701427,-0.07627481,129.0,4288.5,33.72549057006836,10.042972564697266,16.25501251220703,52.94117736816406
Fri Mar 29 19:18:53 GMT+01:00 2019,29-Mar-2019 19:18:47.091,7.79399108,45.16440304,35.78,9.0,255.0,55.9,8.734048,2.1643584,4.156334,0.029373944,129.0,4299.5,30.58823585510254,9.592171669006348,16.290058135986328,60.7843132019043
Fri Mar 29 19:18:54 GMT+01:00 2019,29-Mar-2019 19:18:48.091,7.79437402,45.16458245,35.8,9.0,255.0,56.3,8.360553,2.528277,4.663905,0.028344333,128.0,4290.0,30.58823585510254,13.67394733428955,16.327293395996094,61.17647171020508
Fri Mar 29 19:18:55 GMT+01:00 2019,29-Mar-2019 19:18:49.091,7.79475748,45.16476077,35.77,9.0,255.0,56.6,7.2209125,1.934515,4.10845,-0.11146492,127.0,4238.5,18.823530197143555,31.90270233154297,16.362323760986328,14.117647171020508
Fri Mar 29 19:18:56 GMT+01:00 2019,29-Mar-2019 19:18:50.091,7.79512824,45.16493781,35.25,9.0,255.0,56.4,8.389283,2.4708161,4.7500963,0.033506334,126.0,4183.0,21.176471710205078,22.871068954467773,16.382247924804688,21.176471710205078
Fri Mar 29 19:18:57 GMT+01:00 2019,29-Mar-2019 19:18:51.091,7.79550505,45.16511117,34.87,9.0,254.0,56.3,8.724471,2.4516625,4.1276035,0.034098804,126.0,4207.5,38.431373596191406,7.397664546966553,16.433979034423828,80.39215850830078
Fri Mar 29 19:18:58 GMT+01:00 2019,29-Mar-2019 19:18:52.091,7.79587027,45.16528738,34.98,9.0,254.0,56.1,7.2209125,2.9879637,4.2904096,-0.072234094,125.0,4167.5,18.823530197143555,32.05064010620117,16.453500747680664,14.509803771972656
Fri Mar 29 19:18:59 GMT+01:00 2019,29-Mar-2019 19:18:53.091,7.79623333,45.16546657,34.68,9.0,254.0,55.4,8.513782,3.763685,3.86903,0.046587527,126.0,4203.5,86.66667175292969,6.551891326904297,16.504365921020508,94.11764526367188
Fri Mar 29 19:19:00 GMT+01:00 2019,29-Mar-2019 19:18:54.091,7.79659161,45.16565627,34.94,9.0,254.0,53.3,8.418014,1.2258313,3.572149,-0.040493667,127.0,4235.0,88.23529815673828,6.575772285461426,16.524465560913086,96.07843017578125
Fri Mar 29 19:19:01 GMT+01:00 2019,29-Mar-2019 19:18:55.091,7.79695189,45.16584846,35.45,9.0,253.0,53.0,8.887277,2.1643584,4.098873,0.040754974,129.0,4302.5,88.23529815673828,6.553340911865234,16.56029510498047,96.86274719238281
Fri Mar 29 19:19:02 GMT+01:00 2019,29-Mar-2019 19:18:56.090,7.79732386,45.16604148,35.93,9.0,254.0,54.0,7.872135,1.733402,4.012682,-0.063133955,131.0,4360.5,88.23529815673828,6.566424369812012,16.598125457763672,98.82353210449219
Fri Mar 29 19:19:03 GMT+01:00 2019,29-Mar-2019 19:18:57.090,7.79770596,45.16623331,36.39,9.0,253.0,54.5,7.8050976,2.0015526,3.2273839,-0.09619236,132.0,4412.0,88.23529815673828,6.539316654205322,16.63471794128418,99.60784149169922
Fri Mar 29 19:19:04 GMT+01:00 2019,29-Mar-2019 19:18:58.090,7.79809059,45.16641984,36.87,9.0,253.0,54.7,8.274361,2.2505496,3.5338416,-0.035577834,134.0,4469.0,88.23529815673828,6.4695143699646,16.673093795776367,99.60784149169922
Fri Mar 29 19:19:05 GMT+01:00 2019,29-Mar-2019 19:18:59.090,7.7984826,45.16661642,37.3,9.0,252.0,54.9,9.232041,2.815581,4.414908,0.100921094,136.0,4521.5,86.2745132446289,6.563714504241943,16.71476173400879,99.60784149169922
Fri Mar 29 19:19:06 GMT+01:00 2019,29-Mar-2019 19:19:00.091,7.79887682,45.16681376,37.73,9.0,252.0,54.8,8.944737,2.2218192,3.8786068,0.0383088,137.0,4566.0,85.49019622802734,6.540319442749023,16.752347946166992,99.60784149169922
Fri Mar 29 19:19:07 GMT+01:00 2019,29-Mar-2019 19:19:01.090,7.79927702,45.16701106,38.2,9.0,251.0,54.9,8.686164,2.585738,4.2425256,0.03905326,138.0,4618.0,85.88235473632813,6.571436882019043,16.79387092590332,99.60784149169922
Fri Mar 29 19:19:08 GMT+01:00 2019,29-Mar-2019 19:19:02.091,7.79967418,45.16721111,38.47,9.0,251.0,54.8,7.8912888,2.0494366,3.5913026,-0.072846234,140.0,4657.0,64.70588684082031,6.759599208831787,16.834848403930664,99.60784149169922
Fri Mar 29 19:19:09 GMT+01:00 2019,29-Mar-2019 19:19:03.090,7.80008209,45.1674115,38.8,9.0,251.0,54.8,8.810662,2.231396,4.060566,0.03374535,141.0,4707.0,48.235294342041016,6.887056827545166,16.875957489013672,97.64706420898438
Fri Mar 29 19:19:10 GMT+01:00 2019,29-Mar-2019 19:19:04.091,7.80048778,45.16761451,39.14,9.0,251.0,54.9,8.37013,2.1739352,3.9073372,-0.013661444,142.0,4727.0,41.568626403808594,7.443594932556152,16.915157318115234,92.94117736816406
Fri Mar 29 19:19:11 GMT+01:00 2019,29-Mar-2019 19:19:05.091,7.8009006,45.1678153,39.39,9.0,251.0,55.0,7.9966335,2.0973208,3.8498764,-0.051380873,142.0,4751.0,36.07843017578125,8.749014854431152,16.95539093017578,87.8431396484375
Fri Mar 29 19:19:12 GMT+01:00 2019,29-Mar-2019 19:19:06.091,7.80131706,45.1680214,39.58,9.0,252.0,54.9,7.872135,1.9440918,3.7445314,-0.07055253,142.0,4732.5,29.411766052246094,11.207240104675293,16.9947566986084,57.25490188598633
Fri Mar 29 19:19:13 GMT+01:00 2019,29-Mar-2019 19:19:07.090,7.80172592,45.16822605,39.47,9.0,252.0,54.9,8.887277,2.1643584,4.271256,0.048065722,142.0,4725.0,34.11764907836914,8.648092269897461,17.012901306152344,72.54901885986328
Fri Mar 29 19:19:14 GMT+01:00 2019,29-Mar-2019 19:19:08.091,7.80213461,45.16843133,39.4,9.0,253.0,55.0,8.6574335,2.777274,4.4436383,0.050579846,142.0,4726.5,36.07843017578125,8.013016700744629,17.056644439697266,82.35294342041016
Fri Mar 29 19:19:15 GMT+01:00 2019,29-Mar-2019 19:19:09.091,7.80254497,45.16863439,39.37,9.0,253.0,54.9,9.155427,2.0590134,4.6255975,0.08548266,142.0,4723.5,37.64706039428711,7.7332000732421875,17.098377227783203,86.2745132446289
Fri Mar 29 19:19:16 GMT+01:00 2019,29-Mar-2019 19:19:10.090,7.80296315,45.16884257,39.36,9.0,253.0,54.7,8.408437,2.0973208,3.9264908,-0.011164248,142.0,4734.5,37.64706039428711,7.819230556488037,17.13691520690918,86.66667175292969
Fri Mar 29 19:19:17 GMT+01:00 2019,29-Mar-2019 19:19:11.091,7.8033688,45.16905517,39.4,9.0,253.0,54.9,8.341399,2.384625,4.0318356,-0.0058048368,142.0,4735.5,38.82352828979492,7.532107353210449,17.17793846130371,88.23529815673828
Fri Mar 29 19:19:18 GMT+01:00 2019,29-Mar-2019 19:19:12.091,7.80377413,45.16926101,39.41,9.0,254.0,54.9,8.714894,2.0590134,3.9456444,0.016507804,142.0,4742.0,39.2156867980957,7.611328125,17.217304229736328,89.01960754394531
Fri Mar 29 19:19:19 GMT+01:00 2019,29-Mar-2019 19:19:13.090,7.80418749,45.16946616,39.51,9.0,254.0,54.8,8.628703,2.2026656,4.012682,0.014687538,142.0,4748.0,41.568626403808594,7.151364326477051,17.258602142333984,92.54901885986328
Fri Mar 29 19:19:20 GMT+01:00 2019,29-Mar-2019 19:19:14.091,7.8045919,45.16967798,39.61,9.0,254.0,54.8,7.326257,2.1164744,3.4763808,-0.12668252,143.0,4764.0,43.13725662231445,7.107485771179199,17.299013137817383,95.686279296875
Fri Mar 29 19:19:21 GMT+01:00 2019,29-Mar-2019 19:19:15.091,7.80500716,45.16987555,39.71,9.0,254.0,55.0,7.6710224,1.8770541,3.6104562,-0.09583104,143.0,4785.5,41.568626403808594,7.253011703491211,17.33949089050293,93.72549438476563
Fri Mar 29 19:19:22 GMT+01:00 2019,29-Mar-2019 19:19:16.091,7.80542203,45.17007923,39.85,9.0,255.0,55.0,8.762778,2.2218192,3.9456444,0.024465144,144.0,4794.5,41.568626403808594,7.272464275360107,17.380146026611328,94.50980377197266
Fri Mar 29 19:19:23 GMT+01:00 2019,29-Mar-2019 19:19:17.091,7.80583719,45.17028416,39.95,9.0,255.0,54.7,8.820239,1.7238252,4.1659107,0.028755844,144.0,4811.5,41.568626403808594,7.247491359710693,17.42206573486328,94.50980377197266
Fri Mar 29 19:19:24 GMT+01:00 2019,29-Mar-2019 19:19:18.091,7.80625372,45.17049247,40.07,9.0,255.0,54.8,9.385271,2.4516625,4.453215,0.1070295,145.0,4831.5,41.568626403808594,7.361022472381592,17.463035583496094,94.50980377197266
Fri Mar 29 19:19:25 GMT+01:00 2019,29-Mar-2019 19:19:19.091,7.80667925,45.17070015,40.24,9.0,256.0,55.1,7.651869,1.7142484,3.7924154,-0.09308338,145.0,4842.0,41.568626403808594,7.332111358642578,17.504077911376953,95.29412078857422
Fri Mar 29 19:19:26 GMT+01:00 2019,29-Mar-2019 19:19:20.092,7.80709373,45.17090506,40.31,9.0,256.0,55.1,8.7532015,2.6431987,4.0797195,0.03963703,146.0,4865.0,41.568626403808594,7.3621320724487305,17.544803619384766,95.29412078857422
Fri Mar 29 19:19:27 GMT+01:00 2019,29-Mar-2019 19:19:21.091,7.80752017,45.17111399,40.53,9.0,256.0,55.0,8.628703,2.6623523,4.1276035,0.031103313,146.0,4879.0,41.568626403808594,7.329646587371826,17.58694076538086,96.07843017578125
Fri Mar 29 19:19:28 GMT+01:00 2019,29-Mar-2019 19:19:22.092,7.80794483,45.17132802,40.67,9.0,256.0,54.7,8.561666,2.087744,4.2904096,0.018128335,147.0,4899.0,41.568626403808594,7.336934566497803,17.62798500061035,95.686279296875
Fri Mar 29 19:19:29 GMT+01:00 2019,29-Mar-2019 19:19:23.091,7.80836514,45.17153969,40.88,9.0,256.0,54.8,8.820239,2.815581,4.6351743,0.07447153,148.0,4926.5,41.568626403808594,7.3182692527771,17.669330596923828,96.07843017578125
Fri Mar 29 19:19:30 GMT+01:00 2019,29-Mar-2019 19:19:24.091,7.80878626,45.17175226,41.04,9.0,256.0,54.8,8.714894,2.6240451,4.4244847,0.05058354,148.0,4939.0,41.960784912109375,7.336697101593018,17.712373733520508,97.2549057006836
Fri Mar 29 19:19:31 GMT+01:00 2019,29-Mar-2019 19:19:25.091,7.80921144,45.17196441,41.23,9.0,256.0,54.9,8.121132,2.0398598,3.9360676,-0.03784257,149.0,4971.5,41.568626403808594,7.346073627471924,17.75426483154297,98.03921508789063
Fri Mar 29 19:19:32 GMT+01:00 2019,29-Mar-2019 19:19:26.091,7.80963923,45.17218102,41.4,9.0,256.0,54.9,8.149862,2.4708161,4.654328,0.0083014965,149.0,4984.5,38.82352828979492,8.83554744720459,17.794742584228516,89.80392456054688
Fri Mar 29 19:19:33 GMT+01:00 2019,29-Mar-2019 19:19:27.091,7.81007532,45.1723987,41.55,9.0,255.0,55.0,8.00621,1.7238252,4.0892963,-0.047883928,149.0,4988.0,34.11764907836914,8.59588623046875,17.818748474121094,77.64705657958984
Fri Mar 29 19:19:34 GMT+01:00 2019,29-Mar-2019 19:19:28.091,7.81050673,45.17260941,41.56,9.0,255.0,55.2,7.383718,1.1492168,3.6966474,-0.13115525,150.0,4991.5,36.47058868408203,8.09532642364502,17.860260009765625,86.2745132446289
Fri Mar 29 19:19:35 GMT+01:00 2019,29-Mar-2019 19:19:29.091,7.81094652,45.1728201,41.66,9.0,254.0,55.6,9.251195,2.5378537,4.8937483,0.11677021,150.0,5013.0,37.64706039428711,7.9598493576049805,17.903926849365234,90.98039245605469
Fri Mar 29 19:19:36 GMT+01:00 2019,29-Mar-2019 19:19:30.090,7.81139056,45.17303144,41.87,9.0,253.0,55.7,6.588843,1.7717092,3.6774938,-0.19090259,151.0,5036.0,37.64706039428711,7.976318836212158,17.94580078125,90.5882339477539
Fri Mar 29 19:19:37 GMT+01:00 2019,29-Mar-2019 19:19:31.091,7.811836,45.17324238,42.02,9.0,253.0,55.9,8.283937,2.2888567,4.1659107,-0.0074246526,151.0,5053.5,35.686275482177734,8.478610038757324,17.98975944519043,85.09803771972656
Fri Mar 29 19:19:38 GMT+01:00 2019,29-Mar-2019 19:19:32.091,7.81227587,45.17345512,42.16,9.0,252.0,55.8,8.686164,2.6623523,4.4915223,0.052094758,152.0,5064.0,35.686275482177734,8.647527694702148,18.03106689453125,84.70588684082031
Fri Mar 29 19:19:39 GMT+01:00 2019,29-Mar-2019 19:19:33.090,7.81271833,45.17366969,42.26,9.0,252.0,55.5,7.9008656,2.3080103,3.9839516,-0.048835754,152.0,5082.5,37.25490188598633,8.162887573242188,18.075485229492188,90.5882339477539
Fri Mar 29 19:19:40 GMT+01:00 2019,29-Mar-2019 19:19:34.090,7.81316822,45.1738852,42.41,9.0,252.0,55.2,8.590396,2.3654714,4.098873,0.018766224,153.0,5111.0,38.039215087890625,7.989944934844971,18.122880935668945,92.54901885986328
Fri Mar 29 19:19:41 GMT+01:00 2019,29-Mar-2019 19:19:35.090,7.8136159,45.1741047,42.61,9.0,251.0,55.1,8.446744,2.4037786,4.367024,0.018794358,154.0,5131.5,36.07843017578125,8.204086303710938,18.16285514831543,88.23529815673828
Fri Mar 29 19:19:42 GMT+01:00 2019,29-Mar-2019 19:19:36.090,7.81405939,45.17432389,42.81,9.0,250.0,55.1,7.479486,1.9632454,3.7445314,-0.10518223,154.0,5148.5,36.07843017578125,8.49410343170166,18.20952606201172,87.05882263183594
Fri Mar 29 19:19:43 GMT+01:00 2019,29-Mar-2019 19:19:37.091,7.81451015,45.17454449,42.98,9.0,249.0,55.0,7.7189064,2.3080103,4.1371803,-0.05778414,155.0,5164.0,34.509803771972656,9.530238151550293,18.252471923828125,72.54901885986328
Fri Mar 29 19:19:44 GMT+01:00 2019,29-Mar-2019 19:19:38.091,7.81496233,45.17477232,43.07,9.0,247.0,54.9,8.532935,2.336741,4.414908,0.02690059,155.0,5164.5,32.156864166259766,10.302794456481934,18.29724884033203,71.76470947265625
Fri Mar 29 19:19:45 GMT+01:00 2019,29-Mar-2019 19:19:39.091,7.81540523,45.17499647,43.05,9.0,247.0,54.8,7.5944076,2.1643584,4.0318356,-0.07717538,154.0,5140.5,29.411766052246094,12.061668395996094,18.340578079223633,59.2156867980957
Fri Mar 29 19:19:46 GMT+01:00 2019,29-Mar-2019 19:19:40.090,7.8158514,45.17522013,42.88,9.0,247.0,55.0,9.011775,2.719813,4.711789,0.092053235,153.0,5123.5,30.58823585510254,11.008362770080566,18.38413429260254,65.09803771972656
Fri Mar 29 19:19:47 GMT+01:00 2019,29-Mar-2019 19:19:41.091,7.81629483,45.17543845,42.68,9.0,247.0,54.8,7.8529816,2.6527755,4.060566,-0.04011327,153.0,5113.0,32.54901885986328,9.780975341796875,18.426591873168945,78.4313735961914
Fri Mar 29 19:19:48 GMT+01:00 2019,29-Mar-2019 19:19:42.091,7.81673502,45.17566306,42.61,9.0,247.0,54.2,8.1402855,2.767697,4.4723687,0.0069273114,153.0,5106.5,35.29411697387695,8.502577781677246,18.4716854095459,83.13725280761719
Fri Mar 29 19:19:49 GMT+01:00 2019,29-Mar-2019 19:19:43.091,7.81716559,45.17589067,42.56,3.0,247.0,53.7,9.279925,2.327164,4.4244847,0.09349686,153.0,5115.0,37.25490188598633,8.067327499389648,18.5143985748291,90.19608306884766
Fri Mar 29 19:19:50 GMT+01:00 2019,29-Mar-2019 19:19:44.091,7.81760327,45.17611764,42.67,3.0,247.0,53.7,8.724471,1.6280571,4.3766007,0.02771908,153.0,5125.0,38.039215087890625,7.948594570159912,18.537858963012695,92.54901885986328
Fri Mar 29 19:19:51 GMT+01:00 2019,29-Mar-2019 19:19:45.091,7.81804345,45.176341,42.69,3.0,248.0,54.0,8.829816,1.9153614,3.964798,0.024790704,154.0,5125.0,38.039215087890625,7.987287521362305,18.60011863708496,92.94117736816406
Fri Mar 29 19:19:52 GMT+01:00 2019,29-Mar-2019 19:19:46.091,7.81848498,45.17656503,42.71,3.0,248.0,54.7,7.8146744,2.3080103,3.86903,-0.061501622,154.0,5121.5,38.431373596191406,7.992741584777832,18.624074935913086,93.33333587646484
Fri Mar 29 19:19:53 GMT+01:00 2019,29-Mar-2019 19:19:47.091,7.81892441,45.17678671,42.65,3.0,248.0,54.7,7.833828,2.4899697,4.3861775,-0.03125012,153.0,5113.0,34.11764907836914,9.078788757324219,18.667888641357422,80.39215850830078
Fri Mar 29 19:19:54 GMT+01:00 2019,29-Mar-2019 19:19:48.091,7.81937435,45.17700721,42.63,3.0,249.0,54.8,7.374141,2.1739352,4.0892963,-0.09335178,152.0,5062.0,29.019607543945313,11.618766784667969,18.71213722229004,52.156864166259766
Fri Mar 29 19:19:55 GMT+01:00 2019,29-Mar-2019 19:19:49.090,7.81981348,45.1772258,42.19,3.0,248.0,54.7,8.599973,2.0590134,4.3287168,0.022634208,151.0,5045.0,30.19607925415039,10.982192993164063,18.754610061645508,63.13725662231445
Fri Mar 29 19:19:56 GMT+01:00 2019,29-Mar-2019 19:19:50.090,7.82025167,45.17744558,41.93,3.0,248.0,54.7,8.0445175,2.0207062,4.31914,-0.027727544,150.0,5016.5,30.19607925415039,10.971442222595215,18.79848861694336,64.31372833251953
Fri Mar 29 19:19:57 GMT+01:00 2019,29-Mar-2019 19:19:51.091,7.82068874,45.17766017,41.77,3.0,248.0,54.8,8.485051,1.8962077,4.31914,0.008609772,150.0,4998.0,30.58823585510254,10.825407981872559,18.83961296081543,64.31372833251953
Fri Mar 29 19:19:58 GMT+01:00 2019,29-Mar-2019 19:19:52.091,7.8211297,45.177878,41.62,3.0,248.0,55.0,8.121132,2.078167,4.1180267,-0.028942525,149.0,4983.0,30.980392456054688,10.431982040405273,18.881935119628906,66.66666412353516
Fri Mar 29 19:19:59 GMT+01:00 2019,29-Mar-2019 19:19:53.090,7.8215634,45.17809007,41.53,3.0,247.0,55.1,8.887277,2.9017725,4.5872903,0.0805493,149.0,4978.0,32.156864166259766,9.51400375366211,18.924484252929688,75.686279296875
Fri Mar 29 19:20:00 GMT+01:00 2019,29-Mar-2019 19:19:54.090,7.82199566,45.17830769,41.5,3.0,247.0,55.1,8.274361,2.7389667,5.046977,0.045675933,149.0,4947.0,21.568628311157227,15.978202819824219,18.967571258544922,20.39215660095215
Fri Mar 29 19:20:01 GMT+01:00 2019,29-Mar-2019 19:19:55.090,7.82242783,45.17852162,41.3,3.0,246.0,55.0,8.8777,2.2122424,4.501099,0.058392823,148.0,4940.0,27.843137741088867,8.767760276794434,19.008869171142578,83.13725280761719
Fri Mar 29 19:20:02 GMT+01:00 2019,29-Mar-2019 19:19:56.090,7.82286067,45.17873857,41.18,3.0,245.0,54.8,8.90643,2.4420857,4.7884035,0.079422414,149.0,4951.5,31.764705657958984,9.255414009094238,19.051565170288086,70.19608306884766
Fri Mar 29 19:20:03 GMT+01:00 2019,29-Mar-2019 19:19:57.090,7.82329237,45.17894604,41.32,3.0,245.0,55.0,8.580819,2.3750482,4.4723687,0.034657776,149.0,4964.0,34.509803771972656,8.792274475097656,19.09382438659668,81.96078491210938
Fri Mar 29 19:20:04 GMT+01:00 2019,29-Mar-2019 19:19:58.091,7.82371506,45.17916058,41.34,3.0,245.0,54.8,9.576807,2.7485435,4.501099,0.13347095,149.0,4973.5,35.686275482177734,8.429055213928223,19.13724136352539,85.88235473632813
Fri Mar 29 19:20:05 GMT+01:00 2019,29-Mar-2019 19:19:59.091,7.82414399,45.17937685,41.4,3.0,245.0,54.8,8.465898,2.3463178,4.223372,0.012627542,149.0,4974.0,36.07843017578125,8.310382843017578,19.17867088317871,85.88235473632813
Fri Mar 29 19:20:06 GMT+01:00 2019,29-Mar-2019 19:20:00.091,7.82458423,45.17959833,41.44,3.0,244.0,54.8,8.0445175,2.1068976,4.185065,-0.032012522,149.0,4973.5,36.07843017578125,8.27841854095459,19.2216739654541,85.88235473632813
Fri Mar 29 19:20:07 GMT+01:00 2019,29-Mar-2019 19:20:01.091,7.82500973,45.17981102,41.41,3.0,245.0,54.9,8.389283,1.7142484,3.964798,-0.019123077,149.0,4969.0,36.07843017578125,8.290083885192871,19.26302146911621,86.2745132446289
Fri Mar 29 19:20:08 GMT+01:00 2019,29-Mar-2019 19:20:02.090,7.82544244,45.18002073,41.41,3.0,245.0,55.1,6.4260373,1.2354081,3.217807,-0.23766845,149.0,4967.0,36.07843017578125,8.286747932434082,19.30722427368164,85.88235473632813
Fri Mar 29 19:20:09 GMT+01:00 2019,29-Mar-2019 19:20:03.091,7.82588137,45.18023338,41.36,3.0,244.0,56.0,7.9008656,1.8004397,3.9935284,-0.060100913,149.0,4966.0,33.72549057006836,9.121847152709961,19.33205795288086,78.82353210449219
Fri Mar 29 19:20:10 GMT+01:00 2019,29-Mar-2019 19:20:04.091,7.82632725,45.18043947,41.36,3.0,244.0,56.3,7.8529816,2.5378537,3.8402996,-0.053106785,148.0,4961.0,36.86274719238281,7.838062763214111,19.3775577545166,87.8431396484375
Fri Mar 29 19:20:11 GMT+01:00 2019,29-Mar-2019 19:20:05.091,7.82675977,45.18064299,41.32,3.0,245.0,56.1,8.485051,2.6910827,4.185065,0.021680772,149.0,4960.5,38.431373596191406,7.801867485046387,19.42036247253418,92.94117736816406
Fri Mar 29 19:20:12 GMT+01:00 2019,29-Mar-2019 19:20:06.091,7.82719262,45.18085208,41.36,3.0,245.0,55.5,7.785944,2.327164,3.8019924,-0.06645161,149.0,4976.5,39.2156867980957,7.593893051147461,19.465972900390625,94.11764526367188
Fri Mar 29 19:20:13 GMT+01:00 2019,29-Mar-2019 19:20:07.091,7.8276232,45.18106505,41.43,3.0,245.0,55.1,8.341399,2.3175871,4.0414124,-0.0070732236,150.0,4990.5,39.607845306396484,7.583976745605469,19.513198852539063,94.11764526367188
Fri Mar 29 19:20:14 GMT+01:00 2019,29-Mar-2019 19:20:08.091,7.82805774,45.18128326,41.54,3.0,245.0,54.9,8.465898,1.9728222,4.060566,-0.0029821992,150.0,5017.0,40.0,7.602039337158203,19.53394889831543,96.07843017578125
Fri Mar 29 19:20:15 GMT+01:00 2019,29-Mar-2019 19:20:09.091,7.82849226,45.18150079,41.69,3.0,244.0,54.9,7.9391727,2.0590134,3.86903,-0.05657661,150.0,5009.0,32.94117736816406,9.341493606567383,19.578073501586914,76.47058868408203
Fri Mar 29 19:20:16 GMT+01:00 2019,29-Mar-2019 19:20:10.091,7.8289349,45.18171609,41.7,3.0,244.0,55.2,8.590396,2.681506,4.6926355,0.05357665,150.0,5002.5,32.94117736816406,9.353631973266602,19.623865127563477,75.686279296875
Fri Mar 29 19:20:17 GMT+01:00 2019,29-Mar-2019 19:20:11.091,7.82937828,45.18193175,41.75,3.0,244.0,55.0,8.743625,2.7102363,4.213795,0.046249926,150.0,5012.5,35.29411697387695,8.699060440063477,19.66790771484375,83.52941131591797
Fri Mar 29 19:20:18 GMT+01:00 2019,29-Mar-2019 19:20:12.091,7.82981964,45.18215476,41.83,3.0,243.0,54.3,8.226477,2.4420857,4.223372,-0.0060473084,151.0,5027.0,35.686275482177734,8.313497543334961,19.71392059326172,87.8431396484375
Fri Mar 29 19:20:19 GMT+01:00 2019,29-Mar-2019 19:20:13.091,7.8302517,45.1823771,41.98,3.0,242.0,53.9,8.2169,2.1068976,3.9264908,-0.028156519,152.0,5051.0,37.64706039428711,8.069272994995117,19.761232376098633,90.19608306884766
Fri Mar 29 19:20:20 GMT+01:00 2019,29-Mar-2019 19:20:14.091,7.83068163,45.18260426,42.13,3.0,241.0,53.8,8.303091,1.7046716,4.2425256,-0.014769018,152.0,5069.5,35.686275482177734,8.623644828796387,19.805988311767578,86.2745132446289
Fri Mar 29 19:20:21 GMT+01:00 2019,29-Mar-2019 19:20:15.091,7.83111347,45.18283431,42.29,3.0,240.0,54.0,8.791509,2.1930888,4.5872903,0.054265916,152.0,5088.0,35.29411697387695,8.576111793518066,19.82659339904785,84.31372833251953
Fri Mar 29 19:20:22 GMT+01:00 2019,29-Mar-2019 19:20:16.091,7.83156055,45.18305532,42.41,3.0,239.0,54.4,8.973468,1.8579005,4.5394063,0.061455786,153.0,5096.0,31.372549057006836,10.440401077270508,19.87317657470703,72.54901885986328
Fri Mar 29 19:20:23 GMT+01:00 2019,29-Mar-2019 19:20:17.091,7.83199478,45.18327707,42.44,3.0,238.0,54.7,6.9048777,1.6663644,3.8019924,-0.15973318,152.0,5086.5,30.58823585510254,11.59414291381836,19.922691345214844,61.56863021850586
Fri Mar 29 19:20:24 GMT+01:00 2019,29-Mar-2019 19:20:18.090,7.83243198,45.18349739,42.34,3.0,238.0,54.9,7.3166804,1.7717092,3.7732618,-0.122608244,152.0,5069.0,31.372549057006836,10.787266731262207,19.96677017211914,65.09803771972656
Fri Mar 29 19:20:25 GMT+01:00 2019,29-Mar-2019 19:20:19.091,7.83287223,45.18371032,42.2,3.0,237.0,55.1,11.032481,3.3518825,5.4204726,0.31777352,152.0,5054.5,32.156864166259766,9.689962387084961,20.012876510620117,75.29412078857422
Fri Mar 29 19:20:26 GMT+01:00 2019,29-Mar-2019 19:20:20.091,7.83331953,45.18393377,42.15,3.0,236.0,55.1,8.1402855,2.3942018,4.3287168,-0.010005951,151.0,5060.5,34.509803771972656,8.817055702209473,20.05656623840332,81.5686264038086
Fri Mar 29 19:20:27 GMT+01:00 2019,29-Mar-2019 19:20:21.091,7.83376495,45.18414795,42.13,3.0,236.0,55.1,9.682152,2.3750482,4.8745947,0.15020722,151.0,5044.0,34.509803771972656,8.830138206481934,20.102203369140625,81.5686264038086
Fri Mar 29 19:20:28 GMT+01:00 2019,29-Mar-2019 19:20:22.090,7.83419512,45.18436684,42.03,3.0,236.0,54.9,8.858546,2.432509,4.31914,0.053775966,151.0,5038.5,34.509803771972656,8.748120307922363,20.12271499633789,82.35294342041016
Fri Mar 29 19:20:29 GMT+01:00 2019,29-Mar-2019 19:20:23.090,7.83463095,45.18458476,41.99,3.0,236.0,55.0,9.548077,2.1260512,4.510676,0.11704463,151.0,5036.0,34.509803771972656,8.862576484680176,20.172168731689453,81.96078491210938
Fri Mar 29 19:20:30 GMT+01:00 2019,29-Mar-2019 19:20:24.091,7.83506638,45.184798,41.98,3.0,236.0,55.3,9.3661175,2.2409728,4.855441,0.11841291,151.0,5034.0,34.509803771972656,8.742039680480957,20.216588973999023,81.96078491210938
Fri Mar 29 19:20:31 GMT+01:00 2019,29-Mar-2019 19:20:25.091,7.83550764,45.18500685,41.92,3.0,236.0,55.9,8.178593,2.0015526,3.9935284,-0.031050503,151.0,5026.5,34.90196228027344,8.744644165039063,20.262601852416992,81.96078491210938
Fri Mar 29 19:20:32 GMT+01:00 2019,29-Mar-2019 19:20:26.091,7.83594877,45.18522222,41.87,3.0,236.0,56.1,8.293514,2.9783869,4.414908,0.02370888,150.0,5011.5,34.90196228027344,8.716167449951172,20.306293487548828,82.35294342041016
Fri Mar 29 19:20:33 GMT+01:00 2019,29-Mar-2019 19:20:27.091,7.83638602,45.185433,41.78,3.0,236.0,55.7,7.929596,3.2561142,4.2425256,-0.0060248375,150.0,5005.5,34.90196228027344,8.72834587097168,20.351669311523438,82.35294342041016
Fri Mar 29 19:20:34 GMT+01:00 2019,29-Mar-2019 19:20:28.091,7.83681473,45.18565603,41.65,3.0,236.0,54.9,8.111555,2.5953147,4.1946416,-0.013255179,150.0,4987.5,33.72549057006836,9.001164436340332,20.374919891357422,79.21569061279297
Fri Mar 29 19:20:35 GMT+01:00 2019,29-Mar-2019 19:20:29.090,7.83724036,45.18587762,41.58,3.0,236.0,54.3,8.676587,2.4420857,4.5394063,0.047769845,149.0,4975.5,33.72549057006836,9.104430198669434,20.420475006103516,78.03921508789063
Fri Mar 29 19:20:36 GMT+01:00 2019,29-Mar-2019 19:20:30.090,7.83766488,45.18609407,41.51,3.0,236.0,54.1,8.504205,2.7964275,4.55856,0.04305631,149.0,4985.0,33.72549057006836,9.084345817565918,20.46393394470215,77.64705657958984
Fri Mar 29 19:20:37 GMT+01:00 2019,29-Mar-2019 19:20:31.091,7.83809099,45.18631564,41.5,3.0,236.0,53.9,7.699753,2.2888567,4.156334,-0.059048474,149.0,4975.0,34.90196228027344,8.97619915008545,20.508880615234375,81.5686264038086
Fri Mar 29 19:20:38 GMT+01:00 2019,29-Mar-2019 19:20:32.091,7.8385116,45.18653079,41.5,3.0,236.0,53.5,8.446744,2.3463178,4.0414124,0.0030238628,150.0,4992.5,36.86274719238281,8.063164710998535,20.552457809448242,89.01960754394531
Fri Mar 29 19:20:39 GMT+01:00 2019,29-Mar-2019 19:20:33.091,7.83894131,45.18675724,41.59,3.0,235.0,53.4,8.743625,2.2122424,4.367024,0.04048544,150.0,5003.0,37.64706039428711,7.976556301116943,20.597415924072266,90.5882339477539
Fri Mar 29 19:20:40 GMT+01:00 2019,29-Mar-2019 19:20:34.091,7.83936258,45.18698041,41.51,3.0,235.0,53.4,9.998186,2.777274,4.76925,0.18314642,151.0,5024.0,37.64706039428711,7.958261489868164,20.641942977905273,90.5882339477539
Fri Mar 29 19:20:41 GMT+01:00 2019,29-Mar-2019 19:20:35.091,7.8397884,45.18720443,41.9,3.0,235.0,53.1,8.0924015,1.9249382,3.8594532,-0.04624611,151.0,5048.5,37.64706039428711,7.950350284576416,20.667152404785156,90.98039245605469
Fri Mar 29 19:20:42 GMT+01:00 2019,29-Mar-2019 19:20:36.091,7.84021863,45.18742978,42.05,3.0,235.0,53.4,10.247183,2.2697031,4.865018,0.19823164,151.0,5054.5,37.25490188598633,7.930665016174316,20.71194839477539,91.37255096435547
Fri Mar 29 19:20:43 GMT+01:00 2019,29-Mar-2019 19:20:37.091,7.84065695,45.18765855,42.15,3.0,235.0,53.7,7.9487495,2.3654714,4.453215,-0.021443903,151.0,5046.5,30.980392456054688,10.757705688476563,20.75704002380371,69.01960754394531
Fri Mar 29 19:20:44 GMT+01:00 2019,29-Mar-2019 19:20:38.091,7.84108178,45.18788334,41.99,3.0,235.0,53.5,8.274361,1.934515,4.4244847,-0.0044079423,150.0,5019.0,30.19607925415039,10.913966178894043,20.800867080688477,63.52941131591797
Fri Mar 29 19:20:45 GMT+01:00 2019,29-Mar-2019 19:20:39.091,7.84151006,45.18810513,41.73,3.0,235.0,53.4,8.063671,2.1739352,3.916914,-0.04068625,150.0,4996.5,34.11764907836914,8.063316345214844,20.846742630004883,91.76470947265625
Fri Mar 29 19:20:46 GMT+01:00 2019,29-Mar-2019 19:20:40.091,7.84193192,45.18832891,41.61,3.0,236.0,53.2,8.963891,2.0590134,4.213795,0.050260603,150.0,5000.0,40.7843132019043,7.321861743927002,20.889202117919922,99.60784149169922
Fri Mar 29 19:20:47 GMT+01:00 2019,29-Mar-2019 19:20:41.091,7.84235353,45.18855466,41.68,3.0,236.0,53.1,9.404425,2.0590134,4.6926355,0.11074048,149.0,4974.5,23.52941131591797,18.636568069458008,20.933860778808594,35.29411697387695
Fri Mar 29 19:20:48 GMT+01:00 2019,29-Mar-2019 19:20:42.091,7.84277585,45.18877298,41.46,3.0,237.0,53.9,9.050082,2.1068976,4.817134,0.0859223,148.0,4966.5,37.64706039428711,10.610712051391602,20.975139617919922,89.4117660522461
Fri Mar 29 19:20:49 GMT+01:00 2019,29-Mar-2019 19:20:43.091,7.84320353,45.18898909,41.27,3.0,237.0,54.6,7.9870567,1.6759412,3.5338416,-0.07445061,148.0,4950.5,39.2156867980957,7.562488079071045,20.999847412109375,91.37255096435547
Fri Mar 29 19:20:50 GMT+01:00 2019,29-Mar-2019 19:20:44.091,7.84363221,45.18920266,41.28,3.0,237.0,54.8,10.390836,2.9975405,4.7022123,0.22110027,149.0,4968.5,43.52941131591797,7.206344127655029,21.043947219848633,99.60784149169922
Fri Mar 29 19:20:51 GMT+01:00 2019,29-Mar-2019 19:20:45.091,7.84406899,45.18941484,41.38,3.0,237.0,55.1,9.385271,2.815581,4.5394063,0.11980897,149.0,4981.5,43.52941131591797,7.1651082038879395,21.087364196777344,99.60784149169922
Fri Mar 29 19:20:52 GMT+01:00 2019,29-Mar-2019 19:20:46.091,7.84449762,45.18963105,41.51,3.0,237.0,55.3,8.1881695,1.9728222,3.9073372,-0.0345487,150.0,4997.0,41.960784912109375,7.359775543212891,21.132366180419922,98.03921508789063
Fri Mar 29 19:20:53 GMT+01:00 2019,29-Mar-2019 19:20:47.091,7.84493586,45.18983946,41.65,3.0,238.0,55.5,8.916007,2.1164744,4.10845,0.042711437,150.0,5017.0,41.960784912109375,7.308692932128906,21.178157806396484,98.82353210449219
Fri Mar 29 19:20:54 GMT+01:00 2019,29-Mar-2019 19:20:48.091,7.84537925,45.19004923,41.82,3.0,237.0,55.6,8.389283,2.327164,4.0892963,-5.0735474E-4,151.0,5034.0,39.607845306396484,7.678234577178955,21.201025009155273,99.21569061279297
Fri Mar 29 19:20:55 GMT+01:00 2019,29-Mar-2019 19:20:49.090,7.84582847,45.19026223,41.96,3.0,237.0,55.9,8.6574335,2.5570073,4.663905,0.054757297,151.0,5031.0,32.94117736816406,9.50050163269043,21.246746063232422,76.07843017578125
Fri Mar 29 19:20:56 GMT+01:00 2019,29-Mar-2019 19:20:50.090,7.84626462,45.19047504,41.94,3.0,236.0,55.9,8.379706,2.1164744,4.3766007,0.006543815,150.0,5033.5,32.94117736816406,9.030424118041992,21.290637969970703,75.686279296875
Fri Mar 29 19:20:57 GMT+01:00 2019,29-Mar-2019 19:20:51.091,7.84670409,45.19068753,41.96,3.0,236.0,55.9,8.0924015,1.7429788,4.0797195,-0.04025513,151.0,5027.5,34.11764907836914,8.785688400268555,21.336122512817383,80.39215850830078
Fri Mar 29 19:20:58 GMT+01:00 2019,29-Mar-2019 19:20:52.091,7.84714553,45.19089797,41.94,3.0,236.0,56.2,8.963891,2.4133554,4.4819455,0.06980699,151.0,5031.0,34.509803771972656,8.850418090820313,21.38612174987793,79.60784149169922
Fri Mar 29 19:20:59 GMT+01:00 2019,29-Mar-2019 19:20:53.091,7.8476012,45.19110416,41.95,3.0,235.0,56.6,8.341399,1.9919758,4.4340615,0.0031405687,151.0,5030.0,32.156864166259766,9.799640655517578,21.429786682128906,72.1568603515625
Fri Mar 29 19:21:00 GMT+01:00 2019,29-Mar-2019 19:20:54.091,7.84805133,45.19130951,41.94,3.0,235.0,56.7,6.9144545,2.0111294,3.6104562,-0.1598568,150.0,5020.5,31.372549057006836,10.06078815460205,21.47426986694336,69.80392456054688
Fri Mar 29 19:21:01 GMT+01:00 2019,29-Mar-2019 19:20:55.091,7.84849692,45.19151386,41.89,3.0,235.0,56.8,8.724471,2.2888567,4.6926355,0.0554325,150.0,5014.0,32.54901885986328,9.466744422912598,21.518518447875977,72.94117736816406
Fri Mar 29 19:21:02 GMT+01:00 2019,29-Mar-2019 19:20:56.091,7.84893742,45.1917226,41.81,3.0,235.0,56.6,10.515334,2.6527755,5.133168,0.24206692,150.0,5023.0,34.509803771972656,8.694722175598145,21.53856086730957,80.78431701660156
Fri Mar 29 19:21:03 GMT+01:00 2019,29-Mar-2019 19:20:57.091,7.84938877,45.19192947,41.95,3.0,235.0,57.1,10.553641,2.087744,5.1906295,0.2366249,151.0,5031.5,36.07843017578125,8.507402420043945,21.58285903930664,85.88235473632813
Fri Mar 29 19:21:04 GMT+01:00 2019,29-Mar-2019 19:20:58.091,7.8498401,45.19213111,42.03,3.0,236.0,57.5,7.2783732,1.8962077,3.715801,-0.125839,151.0,5026.0,35.29411697387695,8.497246742248535,21.62480354309082,83.92156982421875
Fri Mar 29 19:21:05 GMT+01:00 2019,29-Mar-2019 19:20:59.091,7.85028842,45.19233434,41.88,3.0,236.0,57.2,8.025364,2.2122424,4.0701427,-0.03641081,151.0,5026.0,34.509803771972656,8.730048179626465,21.668804168701172,81.96078491210938
Fri Mar 29 19:21:06 GMT+01:00 2019,29-Mar-2019 19:21:00.092,7.85073166,45.19253561,41.87,3.0,236.0,57.3,8.025364,2.2122424,4.060566,-0.036839187,151.0,5031.0,34.90196228027344,8.603514671325684,21.71162986755371,82.35294342041016
Fri Mar 29 19:21:07 GMT+01:00 2019,29-Mar-2019 19:21:01.091,7.85118316,45.1927422,42.16,3.0,235.0,57.0,8.532935,2.27928,4.156334,0.014026403,151.0,5024.5,35.29411697387695,8.450220108032227,21.759790420532227,83.52941131591797
Fri Mar 29 19:21:08 GMT+01:00 2019,29-Mar-2019 19:21:02.091,7.85163379,45.19294614,41.85,3.0,235.0,57.0,8.628703,2.2505496,4.5298295,0.038565934,150.0,5018.0,35.29411697387695,8.451062202453613,21.803897857666016,68.23529815673828
Fri Mar 29 19:21:09 GMT+01:00 2019,29-Mar-2019 19:21:03.090,7.85208614,45.19315132,41.78,3.0,235.0,56.9,9.624691,2.0685902,4.999093,0.14448875,149.0,4983.0,32.54901885986328,9.789251327514648,21.84511947631836,73.72549438476563
Fri Mar 29 19:21:10 GMT+01:00 2019,29-Mar-2019 19:21:04.091,7.85252675,45.19335739,41.51,9.0,235.0,57.2,7.2592196,2.2601264,3.7541082,-0.11665189,149.0,4966.0,32.54901885986328,9.483028411865234,21.88853645324707,72.1568603515625
Fri Mar 29 19:21:11 GMT+01:00 2019,29-Mar-2019 19:21:05.091,7.85297122,45.19355442,41.32,9.0,236.0,57.7,8.580819,2.633622,4.357447,0.03609103,148.0,4942.0,32.54901885986328,9.606517791748047,21.93049430847168,72.54901885986328
Fri Mar 29 19:21:12 GMT+01:00 2019,29-Mar-2019 19:21:06.091,7.85341305,45.1937552,41.21,9.0,236.0,57.2,8.360553,1.9440918,4.357447,2.7430058E-4,147.0,4920.5,29.803922653198242,11.154876708984375,21.974361419677734,63.52941131591797
Fri Mar 29 19:21:13 GMT+01:00 2019,29-Mar-2019 19:21:07.091,7.85384859,45.19395642,41.01,9.0,237.0,56.9,9.193734,2.27928,4.654328,0.0948202,147.0,4908.5,33.72549057006836,8.818605422973633,22.017112731933594,75.686279296875
Fri Mar 29 19:21:14 GMT+01:00 2019,29-Mar-2019 19:21:08.091,7.85428682,45.19415739,40.88,9.0,237.0,57.0,8.8777,2.1452048,4.309563,0.048449576,147.0,4909.0,34.90196228027344,8.470172882080078,22.039979934692383,81.5686264038086
Fri Mar 29 19:21:15 GMT+01:00 2019,29-Mar-2019 19:21:09.091,7.85472161,45.19435177,40.89,9.0,237.0,57.2,8.379706,2.27928,4.280833,0.0059467554,147.0,4910.0,35.29411697387695,8.359575271606445,22.080812454223633,81.96078491210938
Fri Mar 29 19:21:16 GMT+01:00 2019,29-Mar-2019 19:21:10.092,7.85516838,45.19455087,40.89,9.0,237.0,57.4,7.632715,2.3463178,3.9743748,-0.071764946,147.0,4902.5,34.90196228027344,8.575899124145508,22.123645782470703,81.5686264038086
Fri Mar 29 19:21:17 GMT+01:00 2019,29-Mar-2019 19:21:11.091,7.85560413,45.19474889,40.89,9.0,237.0,57.2,8.743625,2.0685902,4.3766007,0.037779987,147.0,4911.5,34.11764907836914,8.68630599975586,22.164764404296875,79.21569061279297
Fri Mar 29 19:21:18 GMT+01:00 2019,29-Mar-2019 19:21:12.091,7.85604365,45.19494999,40.93,9.0,238.0,57.0,8.619126,2.0494366,4.501099,0.0319739,147.0,4908.5,31.372549057006836,10.952810287475586,22.207273483276367,70.98039245605469
Fri Mar 29 19:21:19 GMT+01:00 2019,29-Mar-2019 19:21:13.091,7.85647532,45.19515163,40.88,9.0,237.0,57.0,7.8912888,1.6950948,4.1180267,-0.057338297,146.0,4883.5,26.27450942993164,14.09269905090332,22.248157501220703,45.09804153442383
Fri Mar 29 19:21:20 GMT+01:00 2019,29-Mar-2019 19:21:14.090,7.85691135,45.19534792,40.6,9.0,237.0,57.3,8.034941,1.982399,5.439626,0.028533041,144.0,4829.0,19.215686798095703,30.121112823486328,22.289670944213867,16.47058868408203
Fri Mar 29 19:21:21 GMT+01:00 2019,29-Mar-2019 19:21:15.090,7.85733409,45.19553922,40.28,9.0,237.0,57.8,7.785944,2.087744,4.7884035,-0.025245905,140.0,4692.0,18.823530197143555,31.646453857421875,22.32910919189453,15.686274528503418
Fri Mar 29 19:21:22 GMT+01:00 2019,29-Mar-2019 19:21:16.090,7.85774909,45.19572545,39.09,9.0,237.0,57.9,7.1347213,1.6759412,4.453215,-0.10681158,138.0,4610.0,18.823530197143555,31.748584747314453,22.370336532592773,14.901961326599121
Fri Mar 29 19:21:23 GMT+01:00 2019,29-Mar-2019 19:21:17.091,7.85815664,45.19589892,38.32,9.0,238.0,58.1,8.762778,2.3750482,5.161899,0.083604515,135.0,4528.5,18.823530197143555,31.86476707458496,22.411685943603516,14.901961326599121
Fri Mar 29 19:21:24 GMT+01:00 2019,29-Mar-2019 19:21:18.091,7.85856446,45.19608408,37.8,9.0,237.0,58.3,8.686164,1.9057846,4.8745947,0.052757323,133.0,4460.5,18.431373596191406,31.957687377929688,22.451597213745117,14.901961326599121
Fri Mar 29 19:21:25 GMT+01:00 2019,29-Mar-2019 19:21:19.091,7.85896423,45.19625915,37.23,9.0,237.0,58.3,7.9966335,1.5993267,4.4723687,-0.032899737,133.0,4406.0,19.215686798095703,27.857168197631836,22.47224998474121,16.47058868408203
Fri Mar 29 19:21:26 GMT+01:00 2019,29-Mar-2019 19:21:20.091,7.85936331,45.19642889,36.82,9.0,237.0,58.7,9.414001,2.5091233,4.3382936,0.106144845,132.0,4400.0,29.019607543945313,10.65841293334961,22.526887893676758,50.58823776245117
Fri Mar 29 19:21:27 GMT+01:00 2019,29-Mar-2019 19:21:21.091,7.8597679,45.19660163,36.67,9.0,237.0,59.1,8.7053175,2.3463178,4.1371803,0.03020078,132.0,4404.5,31.372549057006836,9.273446083068848,22.548118591308594,63.92156982421875
Fri Mar 29 19:21:28 GMT+01:00 2019,29-Mar-2019 19:21:22.091,7.86017342,45.19676596,36.83,9.0,237.0,59.4,8.274361,2.336741,4.0892963,-0.010468841,133.0,4428.5,31.372549057006836,9.031285285949707,22.58727264404297,64.70588684082031
Fri Mar 29 19:21:29 GMT+01:00 2019,29-Mar-2019 19:21:23.091,7.86058012,45.19693782,36.99,9.0,238.0,59.5,8.676587,1.5610195,4.10845,0.010459423,133.0,4440.5,33.33333206176758,8.7670259475708,22.62672996520996,70.5882339477539
Fri Mar 29 19:21:30 GMT+01:00 2019,29-Mar-2019 19:21:24.091,7.86098006,45.19711034,37.02,9.0,237.0,59.6,8.360553,2.0973208,3.86903,-0.017888844,134.0,4465.0,34.509803771972656,8.338382720947266,22.66606903076172,74.50980377197266
Fri Mar 29 19:21:31 GMT+01:00 2019,29-Mar-2019 19:21:25.091,7.86138707,45.19728077,37.22,9.0,237.0,59.8,7.9391727,1.6663644,3.8115692,-0.06734091,134.0,4486.0,35.29411697387695,8.07923698425293,22.702919006347656,77.64705657958984
Fri Mar 29 19:21:32 GMT+01:00 2019,29-Mar-2019 19:21:26.091,7.86180123,45.1974503,37.44,9.0,236.0,60.1,8.858546,2.087744,4.213795,0.041363418,135.0,4521.0,35.686275482177734,7.985868453979492,22.743261337280273,77.64705657958984
Fri Mar 29 19:21:33 GMT+01:00 2019,29-Mar-2019 19:21:27.090,7.86221061,45.19762304,37.6,9.0,235.0,60.2,6.339846,1.6950948,2.825158,-0.25267953,137.0,4555.0,39.607845306396484,7.166146278381348,22.786216735839844,85.49019622802734
Fri Mar 29 19:21:34 GMT+01:00 2019,29-Mar-2019 19:21:28.090,7.86262542,45.19779218,37.95,9.0,235.0,60.2,7.2209125,1.9440918,3.1986535,-0.15190566,138.0,4608.5,69.01960754394531,6.536043643951416,22.82398796081543,99.60784149169922
Fri Mar 29 19:21:35 GMT+01:00 2019,29-Mar-2019 19:21:29.090,7.86304459,45.19795868,38.38,9.0,235.0,60.3,8.8777,3.2944214,4.232949,0.07631904,140.0,4668.5,68.23529815673828,6.566067695617676,22.864124298095703,99.60784149169922
Fri Mar 29 19:21:36 GMT+01:00 2019,29-Mar-2019 19:21:30.090,7.86346976,45.19813123,38.81,9.0,234.0,60.1,9.414001,3.1411927,4.4340615,0.12702721,140.0,4704.0,67.05882263183594,6.560337066650391,22.88201332092285,99.60784149169922
Fri Mar 29 19:21:37 GMT+01:00 2019,29-Mar-2019 19:21:31.090,7.86389633,45.19830431,39.22,9.0,235.0,59.8,8.552089,2.3654714,3.8498764,0.0049729347,142.0,4761.5,49.80392074584961,6.785979270935059,22.9223690032959,99.60784149169922
Fri Mar 29 19:21:38 GMT+01:00 2019,29-Mar-2019 19:21:32.090,7.86432823,45.19848478,39.62,9.0,234.0,59.5,8.2169,2.4995465,4.1180267,-0.0100643635,143.0,4800.0,43.52941131591797,7.154262065887451,22.964712142944336,96.47058868408203
Fri Mar 29 19:21:39 GMT+01:00 2019,29-Mar-2019 19:21:33.091,7.86476147,45.19866624,39.87,9.0,234.0,59.5,9.050082,2.681506,4.3382936,0.07794255,144.0,4830.5,39.2156867980957,7.640782833099365,23.003402709960938,90.5882339477539
Fri Mar 29 19:21:40 GMT+01:00 2019,29-Mar-2019 19:21:34.091,7.86519363,45.198853,40.11,9.0,233.0,59.2,9.279925,2.7389667,4.606444,0.11138147,145.0,4854.5,38.82352828979492,7.657278060913086,23.04469108581543,90.19608306884766
Fri Mar 29 19:21:41 GMT+01:00 2019,29-Mar-2019 19:21:35.091,7.86564172,45.19903936,40.43,9.0,232.0,58.9,8.331821,2.3654714,4.012682,-0.007963657,146.0,4868.5,37.64706039428711,7.853399276733398,23.08991813659668,88.23529815673828
Fri Mar 29 19:21:42 GMT+01:00 2019,29-Mar-2019 19:21:36.091,7.86608637,45.19922733,40.61,9.0,232.0,58.7,9.021352,2.6623523,4.4915223,0.08152515,146.0,4883.5,32.94117736816406,8.807936668395996,23.127593994140625,72.54901885986328
Fri Mar 29 19:21:43 GMT+01:00 2019,29-Mar-2019 19:21:37.090,7.86652404,45.19942085,40.67,9.0,232.0,58.3,8.839393,1.9057846,4.4340615,0.04561931,146.0,4881.5,34.90196228027344,8.347780227661133,23.172285079956055,79.60784149169922
Fri Mar 29 19:21:44 GMT+01:00 2019,29-Mar-2019 19:21:38.091,7.86696286,45.19961597,40.66,9.0,231.0,58.1,7.9487495,2.336741,3.964798,-0.044719577,146.0,4883.5,36.07843017578125,8.235992431640625,23.21276092529297,84.31372833251953
Fri Mar 29 19:21:45 GMT+01:00 2019,29-Mar-2019 19:21:39.091,7.8674042,45.19981003,40.75,9.0,231.0,58.4,10.888829,2.9879637,5.353435,0.29281765,147.0,4903.0,38.039215087890625,7.97245979309082,23.256301879882813,89.80392456054688
Fri Mar 29 19:21:46 GMT+01:00 2019,29-Mar-2019 19:21:40.091,7.86784928,45.2000066,40.81,9.0,230.0,58.3,9.308656,2.96881,4.76925,0.12730497,147.0,4910.0,38.431373596191406,7.75263786315918,23.296236038208008,90.5882339477539
Fri Mar 29 19:21:47 GMT+01:00 2019,29-Mar-2019 19:21:41.090,7.86829589,45.2001954,40.86,10.0,230.0,58.4,8.8777,2.825158,4.462792,0.07202035,147.0,4925.5,37.25490188598633,7.827603340148926,23.338171005249023,89.01960754394531
Fri Mar 29 19:21:48 GMT+01:00 2019,29-Mar-2019 19:21:42.091,7.86874262,45.20039478,41.03,9.0,230.0,58.2,9.557653,2.566584,4.8267107,0.1413849,148.0,4923.5,33.72549057006836,8.614952087402344,23.379955291748047,78.4313735961914
Fri Mar 29 19:21:49 GMT+01:00 2019,29-Mar-2019 19:21:43.091,7.86918886,45.20058375,40.96,9.0,231.0,58.2,8.456321,2.0398598,4.156334,0.0017547607,147.0,4908.0,31.764705657958984,10.062015533447266,23.42195701599121,65.88235473632813
Fri Mar 29 19:21:50 GMT+01:00 2019,29-Mar-2019 19:21:44.091,7.86963307,45.2007792,40.88,9.0,231.0,58.2,8.868123,2.4420857,4.5777135,0.06633717,146.0,4887.5,32.156864166259766,9.367867469787598,23.463531494140625,73.33333587646484
Fri Mar 29 19:21:51 GMT+01:00 2019,29-Mar-2019 19:21:45.090,7.87007317,45.20096962,40.67,9.0,231.0,58.1,7.9583263,2.2601264,4.673482,-0.012415051,145.0,4872.0,33.33333206176758,8.94848346710205,23.506820678710938,73.72549438476563
Fri Mar 29 19:21:52 GMT+01:00 2019,29-Mar-2019 19:21:46.090,7.87051792,45.20116772,40.49,9.0,233.0,57.9,8.408437,2.6240451,5.1140146,0.05725795,144.0,4761.5,19.60784339904785,31.80830955505371,23.530824661254883,15.686274528503418
Fri Mar 29 19:21:53 GMT+01:00 2019,29-Mar-2019 19:21:47.090,7.87096147,45.20136363,40.09,10.0,233.0,57.6,8.24563,2.336741,4.76925,0.018794298,141.0,4686.0,19.215686798095703,28.901084899902344,23.573440551757813,16.078432083129883
Fri Mar 29 19:21:54 GMT+01:00 2019,29-Mar-2019 19:21:48.090,7.87137465,45.20156227,39.32,9.0,232.0,57.2,8.504205,2.1547816,4.596867,0.028615773,139.0,4608.0,23.52941131591797,17.65521240234375,23.610885620117188,32.156864166259766
Fri Mar 29 19:21:55 GMT+01:00 2019,29-Mar-2019 19:21:49.092,7.87178432,45.20174809,38.52,9.0,233.0,57.1,7.728483,2.2888567,4.1946416,-0.054757774,137.0,4569.0,23.52941131591797,17.24641990661621,23.65184783935547,32.156864166259766
Fri Mar 29 19:21:56 GMT+01:00 2019,29-Mar-2019 19:21:50.091,7.87218312,45.2019374,37.91,9.0,232.0,57.0,9.222465,2.6623523,4.960786,0.12044281,135.0,4516.0,26.666667938232422,13.555002212524414,23.692218780517578,44.313724517822266
Fri Mar 29 19:21:57 GMT+01:00 2019,29-Mar-2019 19:21:51.090,7.8725868,45.20212016,37.5,9.0,233.0,57.0,8.37013,2.327164,4.7500963,0.0283193,134.0,4477.0,20.784313201904297,12.689797401428223,23.7320499420166,30.58823585510254
Fri Mar 29 19:21:58 GMT+01:00 2019,29-Mar-2019 19:21:52.091,7.87297992,45.20230256,37.11,9.0,233.0,57.0,6.349423,1.6567876,5.1810527,-0.1287241,131.0,4377.5,18.823530197143555,31.652414321899414,23.767240524291992,15.29411792755127
Fri Mar 29 19:21:59 GMT+01:00 2019,29-Mar-2019 19:21:53.091,7.87336471,45.20247998,36.35,9.0,235.0,57.0,7.872135,1.8004397,4.7500963,-0.025968611,123.0,4183.0,18.431373596191406,31.622142791748047,23.80400848388672,13.72549057006836
Fri Mar 29 19:22:00 GMT+01:00 2019,29-Mar-2019 19:21:54.091,7.87373644,45.20265661,35.57,9.0,235.0,56.2,8.303091,1.8962077,3.3901896,-0.046565294,121.0,4126.0,18.431373596191406,25.382741928100586,23.838211059570313,78.03921508789063
Fri Mar 29 19:22:01 GMT+01:00 2019,29-Mar-2019 19:21:55.091,7.87408952,45.20280863,34.09,9.0,235.0,56.8,8.485051,2.4229321,3.5529952,-0.011311173,123.0,4091.0,88.23529815673828,6.532995700836182,23.87276268005371,95.29412078857422
Fri Mar 29 19:22:02 GMT+01:00 2019,29-Mar-2019 19:21:56.091,7.87445481,45.20296801,34.0,9.0,236.0,57.2,8.647857,1.9919758,3.6487634,-0.0029013753,124.0,4125.5,88.23529815673828,6.52162504196167,23.908397674560547,95.29412078857422
Fri Mar 29 19:22:03 GMT+01:00 2019,29-Mar-2019 19:21:57.091,7.87483458,45.20313411,34.37,9.0,237.0,57.7,8.073248,1.9057846,3.1890767,-0.075083196,125.0,4158.0,88.23529815673828,6.51911735534668,23.946046829223633,94.50980377197266
Fri Mar 29 19:22:04 GMT+01:00 2019,29-Mar-2019 19:21:58.091,7.87520885,45.20329631,34.58,9.0,238.0,57.9,7.7667904,1.3120226,2.8538885,-0.1269843,125.0,4206.5,88.23529815673828,6.506531238555908,23.965768814086914,94.11764526367188
Fri Mar 29 19:22:05 GMT+01:00 2019,29-Mar-2019 19:21:59.091,7.87558953,45.20345909,34.91,9.0,239.0,58.3,7.881712,2.1930888,3.371036,-0.079018295,127.0,4245.5,88.23529815673828,6.537227630615234,24.00362777709961,94.90196228027344
Fri Mar 29 19:22:06 GMT+01:00 2019,29-Mar-2019 19:22:00.091,7.87596683,45.20362354,35.26,9.0,240.0,58.7,9.548077,2.7485435,4.146757,0.116494596,128.0,4273.0,88.23529815673828,6.517210006713867,24.04094886779785,96.86274719238281
Fri Mar 29 19:22:07 GMT+01:00 2019,29-Mar-2019 19:22:01.091,7.87634249,45.203792,35.6,9.0,241.0,58.7,9.069236,2.4420857,3.6487634,0.046127856,130.0,4320.0,88.23529815673828,6.53822135925293,24.079669952392578,97.64706420898438
Fri Mar 29 19:22:08 GMT+01:00 2019,29-Mar-2019 19:22:02.091,7.87672643,45.20395509,36.02,9.0,242.0,58.7,9.80665,2.920926,4.3957543,0.15423387,131.0,4365.5,88.23529815673828,6.5138936042785645,24.11537742614746,99.21569061279297
Fri Mar 29 19:22:09 GMT+01:00 2019,29-Mar-2019 19:22:03.091,7.87712773,45.20412722,36.34,9.0,243.0,58.3,7.967903,2.1930888,3.3423057,-0.07228547,132.0,4402.0,88.23529815673828,6.5175323486328125,24.15434455871582,99.60784149169922
Fri Mar 29 19:22:10 GMT+01:00 2019,29-Mar-2019 19:22:04.091,7.87751829,45.20429312,36.84,9.0,243.0,58.2,8.303091,1.9728222,3.5817258,-0.037535965,134.0,4454.0,88.23529815673828,6.47219181060791,24.195390701293945,99.60784149169922
Fri Mar 29 19:22:11 GMT+01:00 2019,29-Mar-2019 19:22:05.091,7.87791801,45.20446318,36.99,9.0,245.0,58.4,8.714894,2.3750482,3.8786068,0.021064222,135.0,4498.0,88.23529815673828,6.528875827789307,24.231901168823242,99.60784149169922
Fri Mar 29 19:22:12 GMT+01:00 2019,29-Mar-2019 19:22:06.091,7.87832585,45.20464119,37.51,9.0,245.0,58.6,10.103531,2.5474305,4.7500963,0.18631715,137.0,4535.0,88.23529815673828,6.52456521987915,24.273082733154297,99.60784149169922
Fri Mar 29 19:22:13 GMT+01:00 2019,29-Mar-2019 19:22:07.090,7.87874441,45.20481244,37.79,9.0,244.0,58.6,10.745177,3.083732,5.104438,0.27171785,138.0,4580.0,88.23529815673828,6.512828826904297,24.3114013671875,99.60784149169922
Fri Mar 29 19:22:14 GMT+01:00 2019,29-Mar-2019 19:22:08.090,7.87915665,45.20498731,38.08,9.0,244.0,59.0,7.2592196,1.5897499,3.1411927,-0.15858632,138.0,4637.5,88.23529815673828,6.503420352935791,24.329877853393555,99.60784149169922
Fri Mar 29 19:22:15 GMT+01:00 2019,29-Mar-2019 19:22:09.090,7.87958749,45.20516263,38.47,10.0,243.0,59.5,8.628703,1.7717092,3.9456444,0.002896428,140.0,4666.5,88.23529815673828,6.449155330657959,24.371179580688477,99.60784149169922
Fri Mar 29 19:22:16 GMT+01:00 2019,29-Mar-2019 19:22:10.091,7.88001183,45.20533849,38.93,9.0,242.0,59.7,9.605537,2.4133554,4.5681367,0.13080531,142.0,4712.5,88.23529815673828,6.477435111999512,24.412290573120117,99.60784149169922
Fri Mar 29 19:22:17 GMT+01:00 2019,29-Mar-2019 19:22:11.091,7.88045249,45.20551748,39.37,9.0,242.0,59.9,8.39886,2.6623523,3.9456444,0.0030838847,143.0,4765.5,87.8431396484375,6.5163254737854,24.45322036743164,99.60784149169922
Fri Mar 29 19:22:18 GMT+01:00 2019,29-Mar-2019 19:22:12.091,7.88088187,45.20569638,39.72,9.0,242.0,59.6,8.24563,2.5570073,3.8498764,-0.017439783,144.0,4814.5,87.8431396484375,6.495109558105469,24.493106842041016,99.60784149169922
Fri Mar 29 19:22:19 GMT+01:00 2019,29-Mar-2019 19:22:13.091,7.8813142,45.20588203,40.13,9.0,242.0,59.4,8.456321,2.5761611,3.9839516,0.0074076653,146.0,4859.0,87.45098114013672,6.509119033813477,24.53502655029297,99.60784149169922
Fri Mar 29 19:22:20 GMT+01:00 2019,29-Mar-2019 19:22:14.090,7.88175518,45.20606835,40.39,9.0,242.0,59.1,8.992621,2.384625,4.175488,0.05849737,147.0,4893.0,87.45098114013672,6.496264934539795,24.579635620117188,99.60784149169922
Fri Mar 29 19:22:21 GMT+01:00 2019,29-Mar-2019 19:22:15.091,7.88219832,45.20626496,40.78,9.0,243.0,58.5,8.935161,2.4037786,4.261679,0.057441056,148.0,4922.0,87.45098114013672,6.501461982727051,24.62074851989746,99.60784149169922
Fri Mar 29 19:22:22 GMT+01:00 2019,29-Mar-2019 19:22:16.091,7.88263179,45.2064506,40.88,9.0,244.0,58.3,9.241618,2.1930888,4.271256,0.0806157,148.0,4945.0,87.8431396484375,6.513850212097168,24.663257598876953,99.60784149169922
Fri Mar 29 19:22:23 GMT+01:00 2019,29-Mar-2019 19:22:17.090,7.88307731,45.20663196,40.98,9.0,245.0,58.4,8.724471,2.3558946,3.9935284,0.026138127,149.0,4961.0,87.8431396484375,6.525460243225098,24.7048282623291,99.60784149169922
Fri Mar 29 19:22:24 GMT+01:00 2019,29-Mar-2019 19:22:18.090,7.88352927,45.20683206,41.41,9.0,246.0,58.4,8.2169,2.078167,3.964798,-0.02716434,150.0,4991.5,87.8431396484375,6.500551223754883,24.747953414916992,99.60784149169922
Fri Mar 29 19:22:25 GMT+01:00 2019,29-Mar-2019 19:22:19.090,7.8839744,45.20702975,41.57,9.0,246.0,58.6,9.11712,2.72939,4.4819455,0.09132117,150.0,5013.0,84.31372833251953,6.515381813049316,24.78953742980957,99.60784149169922
Fri Mar 29 19:22:26 GMT+01:00 2019,29-Mar-2019 19:22:20.091,7.88443881,45.20723029,41.77,9.0,247.0,58.7,7.881712,2.2409728,3.5625722,-0.07018882,151.0,5033.5,87.8431396484375,6.533335208892822,24.83510398864746,99.60784149169922
Fri Mar 29 19:22:27 GMT+01:00 2019,29-Mar-2019 19:22:21.091,7.88488778,45.20742917,41.84,9.0,247.0,58.6,8.255207,2.4899697,3.964798,-0.013577282,151.0,5055.5,80.78431701660156,6.564720153808594,24.85523796081543,99.60784149169922
Fri Mar 29 19:22:28 GMT+01:00 2019,29-Mar-2019 19:22:22.092,7.88534922,45.20762963,42.06,10.0,247.0,58.6,7.8912888,2.1739352,3.763685,-0.06264192,152.0,5060.5,42.74509811401367,7.414470672607422,24.904308319091797,99.60784149169922
Fri Mar 29 19:22:29 GMT+01:00 2019,29-Mar-2019 19:22:23.090,7.88577469,45.20779626,41.11,11.0,246.0,59.2,8.695741,2.4516625,4.462792,0.0462026,152.0,5065.0,40.39215850830078,7.576022624969482,24.945772171020508,96.47058868408203
Fri Mar 29 19:22:30 GMT+01:00 2019,29-Mar-2019 19:22:24.091,7.88622011,45.20798246,41.09,11.0,246.0,59.2,7.680599,2.7868507,3.9456444,-0.056088567,152.0,5060.0,34.90196228027344,8.16927433013916,24.99069595336914,81.96078491210938
Fri Mar 29 19:22:31 GMT+01:00 2019,29-Mar-2019 19:22:25.091,7.88669976,45.20821704,42.2,11.0,247.0,58.0,8.791509,2.6048915,4.4915223,0.059803426,152.0,5058.0,35.29411697387695,8.499404907226563,25.035449981689453,84.70588684082031
Fri Mar 29 19:22:32 GMT+01:00 2019,29-Mar-2019 19:22:26.091,7.8871589,45.20842257,42.31,10.0,247.0,57.8,8.925584,2.3463178,4.2904096,0.05644852,152.0,5060.5,40.0,7.826554775238037,25.079469680786133,95.29412078857422
Fri Mar 29 19:22:33 GMT+01:00 2019,29-Mar-2019 19:22:27.091,7.88761919,45.20863809,42.07,10.0,238.0,57.4,9.097966,2.4516625,4.654328,0.090289295,152.0,5061.5,41.960784912109375,7.331421375274658,25.12165069580078,99.21569061279297
Fri Mar 29 19:22:34 GMT+01:00 2019,29-Mar-2019 19:22:28.091,7.88808509,45.20885549,42.18,10.0,240.0,57.5,8.494628,2.2505496,4.060566,0.005798042,152.0,5068.5,40.7843132019043,7.402758598327637,25.16501235961914,97.64706420898438
Fri Mar 29 19:22:35 GMT+01:00 2019,29-Mar-2019 19:22:29.091,7.88853936,45.20905479,42.31,10.0,242.0,57.7,7.699753,1.7717092,3.7062242,-0.09139341,152.0,5072.5,38.431373596191406,8.045989036560059,25.20799446105957,87.05882263183594
Fri Mar 29 19:22:36 GMT+01:00 2019,29-Mar-2019 19:22:30.091,7.88899681,45.20926072,42.27,10.0,243.0,57.8,8.839393,1.6472107,5.2385135,0.07978052,150.0,5008.0,28.627450942993164,21.97687530517578,25.252281188964844,17.254901885986328
Fri Mar 29 19:22:37 GMT+01:00 2019,29-Mar-2019 19:22:31.091,7.88946584,45.20947362,42.46,10.0,244.0,57.8,8.590396,1.9057846,5.142745,0.057929218,148.0,4928.5,21.960784912109375,25.269739151000977,25.293672561645508,16.47058868408203
Fri Mar 29 19:22:38 GMT+01:00 2019,29-Mar-2019 19:22:32.091,7.88989586,45.2096658,41.19,10.0,244.0,58.3,8.8777,2.3175871,4.462792,0.059061468,147.0,4911.0,35.29411697387695,7.9367451667785645,25.33683204650879,80.0
Fri Mar 29 19:22:39 GMT+01:00 2019,29-Mar-2019 19:22:33.091,7.89035525,45.20985816,41.57,10.0,245.0,59.0,8.887277,2.834735,4.596867,0.079096615,148.0,4920.5,39.607845306396484,7.464557647705078,25.37679100036621,94.90196228027344
Fri Mar 29 19:22:40 GMT+01:00 2019,29-Mar-2019 19:22:34.090,7.89079264,45.21004077,41.02,11.0,245.0,58.5,9.452309,2.087744,4.76925,0.119023025,148.0,4933.5,39.2156867980957,7.683140754699707,25.421192169189453,92.54901885986328
Fri Mar 29 19:22:41 GMT+01:00 2019,29-Mar-2019 19:22:35.090,7.891228,45.2102309,40.96,11.0,244.0,58.8,6.8186865,2.2601264,3.3806129,-0.17170143,148.0,4935.0,38.431373596191406,7.757927417755127,25.44561195373535,91.37255096435547
Fri Mar 29 19:22:42 GMT+01:00 2019,29-Mar-2019 19:22:36.090,7.89166922,45.21041002,40.81,11.0,244.0,59.0,8.599973,3.1316159,4.596867,0.06303257,148.0,4925.0,34.90196228027344,8.387391090393066,25.490711212158203,82.35294342041016
Fri Mar 29 19:22:43 GMT+01:00 2019,29-Mar-2019 19:22:37.091,7.89211721,45.21060581,41.05,10.0,245.0,58.5,7.9487495,1.9632454,3.9935284,-0.05239427,147.0,4926.0,36.07843017578125,8.060699462890625,25.533357620239258,87.45098114013672
Fri Mar 29 19:22:44 GMT+01:00 2019,29-Mar-2019 19:22:38.091,7.89255639,45.21081516,41.02,10.0,245.0,58.3,8.446744,1.9153614,4.1180267,-0.0033935308,147.0,4923.5,36.86274719238281,8.020062446594238,25.577335357666016,87.05882263183594
Fri Mar 29 19:22:45 GMT+01:00 2019,29-Mar-2019 19:22:39.090,7.89302835,45.21102009,41.16,10.0,245.0,58.5,9.969456,2.327164,4.807557,0.17191523,147.0,4919.5,36.86274719238281,8.02577018737793,25.621435165405273,87.45098114013672
Fri Mar 29 19:22:46 GMT+01:00 2019,29-Mar-2019 19:22:40.090,7.89346899,45.21121258,41.08,10.0,246.0,58.5,8.437167,2.5091233,4.098873,0.008796573,147.0,4917.0,36.86274719238281,8.028219223022461,25.66537094116211,86.2745132446289
Fri Mar 29 19:22:47 GMT+01:00 2019,29-Mar-2019 19:22:41.091,7.89390471,45.21139287,40.83,10.0,245.0,58.7,8.025364,1.3599066,4.0318356,-0.055048525,148.0,4916.5,36.86274719238281,8.082832336425781,25.688602447509766,86.66667175292969
Fri Mar 29 19:22:48 GMT+01:00 2019,29-Mar-2019 19:22:42.091,7.89433828,45.21156368,40.64,10.0,246.0,59.2,7.3549876,2.3558946,3.8019924,-0.10350698,147.0,4909.0,36.86274719238281,8.040484428405762,25.733152389526367,86.66667175292969
Fri Mar 29 19:22:49 GMT+01:00 2019,29-Mar-2019 19:22:43.091,7.89479443,45.21175081,40.86,10.0,247.0,59.7,7.73806,2.2697031,3.8881836,-0.06841177,147.0,4908.0,37.64706039428711,7.931899547576904,25.77639389038086,87.8431396484375
Fri Mar 29 19:22:50 GMT+01:00 2019,29-Mar-2019 19:22:44.090,7.89525191,45.21193758,40.92,10.0,248.0,59.6,8.6574335,2.8538885,4.3287168,0.04767114,147.0,4899.0,37.64706039428711,7.857159614562988,25.820411682128906,89.01960754394531
Fri Mar 29 19:22:51 GMT+01:00 2019,29-Mar-2019 19:22:45.091,7.89569783,45.21211698,40.77,10.0,249.0,59.5,7.9966335,2.432509,3.8881836,-0.041293025,147.0,4897.0,38.039215087890625,7.851550579071045,25.867002487182617,89.01960754394531
Fri Mar 29 19:22:52 GMT+01:00 2019,29-Mar-2019 19:22:46.091,7.89614062,45.21230944,40.76,10.0,248.0,59.0,7.7093296,2.1452048,3.7253778,-0.08121443,147.0,4897.0,38.039215087890625,7.857961177825928,25.911184310913086,89.01960754394531
Fri Mar 29 19:22:53 GMT+01:00 2019,29-Mar-2019 19:22:47.091,7.89658625,45.21249827,40.82,10.0,249.0,58.7,9.394848,2.4708161,4.5777135,0.1136871,147.0,4908.5,37.64706039428711,7.844351291656494,25.930620193481445,89.01960754394531
Fri Mar 29 19:22:54 GMT+01:00 2019,29-Mar-2019 19:22:48.091,7.89703585,45.2127007,40.93,10.0,249.0,58.8,8.1402855,1.934515,4.1946416,-0.026915073,147.0,4911.5,37.64706039428711,7.837962627410889,25.975536346435547,88.23529815673828
Fri Mar 29 19:22:55 GMT+01:00 2019,29-Mar-2019 19:22:49.090,7.89748607,45.21289405,41.0,10.0,249.0,58.9,9.720459,2.4516625,4.912902,0.15702087,148.0,4925.0,37.64706039428711,7.968021869659424,26.01850128173828,89.01960754394531
Fri Mar 29 19:22:56 GMT+01:00 2019,29-Mar-2019 19:22:50.091,7.89793587,45.21309019,41.1,10.0,250.0,59.1,9.77792,2.7102363,4.8458643,0.1652134,148.0,4937.0,38.82352828979492,7.867254734039307,26.063312530517578,90.5882339477539
Fri Mar 29 19:22:57 GMT+01:00 2019,29-Mar-2019 19:22:51.091,7.89838614,45.21327492,41.11,10.0,250.0,59.4,8.599973,2.183512,4.060566,0.013682961,148.0,4951.0,41.568626403808594,7.297282695770264,26.111330032348633,99.60784149169922
Fri Mar 29 19:22:58 GMT+01:00 2019,29-Mar-2019 19:22:52.090,7.89884999,45.21346682,41.31,9.0,250.0,59.4,7.699753,2.030283,3.7349546,-0.084430516,149.0,4973.5,44.70588302612305,7.075945854187012,26.155136108398438,99.60784149169922
Fri Mar 29 19:22:59 GMT+01:00 2019,29-Mar-2019 19:22:53.090,7.89931557,45.21365439,41.47,9.0,251.0,59.7,8.791509,2.078167,4.280833,0.038036287,150.0,4997.0,43.52941131591797,7.204825401306152,26.199874877929688,99.60784149169922
Fri Mar 29 19:23:00 GMT+01:00 2019,29-Mar-2019 19:22:54.091,7.8997669,45.21383293,41.6,9.0,252.0,59.9,9.260772,2.0973208,4.654328,0.096946895,150.0,5012.5,42.74509811401367,7.310884475708008,26.22024917602539,99.60784149169922
Fri Mar 29 19:23:01 GMT+01:00 2019,29-Mar-2019 19:22:55.091,7.90022469,45.21401624,41.77,9.0,253.0,60.3,8.159439,2.825158,4.2425256,-3.0136108E-4,150.0,5022.0,39.2156867980957,7.633460521697998,26.268583297729492,93.72549438476563
